mean_fit_time,std_fit_time,mean_score_time,std_score_time,param_estimator__n_estimators,params,split0_test_score,split1_test_score,split2_test_score,split3_test_score,split4_test_score,split5_test_score,split6_test_score,split7_test_score,split8_test_score,split9_test_score,mean_test_score,std_test_score,rank_test_score
0.1508772611618042,0.3213549952699787,0.019781732559204103,0.0027951171830109876,10,{'estimator__n_estimators': 10},0.8004385964912281,0.8618421052631579,0.8970251716247141,0.9084668192219681,0.9290617848970253,0.9016018306636155,0.9153318077803203,0.8421052631578947,0.931350114416476,0.8627002288329517,0.8849923722349351,0.04000608254926038,19
0.0444603443145752,0.0009051894033355498,0.018752694129943848,0.0003242480097423727,11,{'estimator__n_estimators': 11},0.8004385964912281,0.8640350877192983,0.8970251716247138,0.9107551487414188,0.9267734553775744,0.9016018306636155,0.9244851258581236,0.8443935926773456,0.931350114416476,0.8649885583524025,0.8865846681922198,0.040187520395390565,6
0.04590597152709961,0.0009607292899563829,0.01876370906829834,0.00043436559644008214,12,{'estimator__n_estimators': 12},0.8070175438596491,0.8618421052631579,0.8947368421052632,0.9061784897025172,0.9290617848970253,0.9016018306636155,0.9244851258581236,0.8466819221967963,0.931350114416476,0.8627002288329519,0.8865655987795578,0.03876390060350454,7
0.04685518741607666,0.000550515504518215,0.018776679039001466,0.0004326185295074697,13,{'estimator__n_estimators': 13},0.8070175438596491,0.8618421052631579,0.8924485125858123,0.9130434782608696,0.9290617848970253,0.9016018306636155,0.919908466819222,0.8443935926773454,0.931350114416476,0.8695652173913043,0.8870232646834479,0.03858709788109969,4
0.04881529808044434,0.0016032202091620048,0.018648982048034668,0.00045434996744038913,14,{'estimator__n_estimators': 14},0.8048245614035088,0.8618421052631579,0.8947368421052632,0.9130434782608696,0.9267734553775744,0.8993135011441646,0.919908466819222,0.8421052631578947,0.9267734553775744,0.8718535469107551,0.8861174675819985,0.03841803309460704,11
0.05037569999694824,0.0016417161306152392,0.018885302543640136,0.00038717205618119,15,{'estimator__n_estimators': 15},0.8048245614035087,0.8596491228070174,0.8947368421052632,0.9107551487414188,0.9267734553775744,0.9016018306636155,0.919908466819222,0.8421052631578947,0.9290617848970251,0.8718535469107551,0.8861270022883294,0.038742318393479046,10
0.05119314193725586,0.0013702019214322395,0.018643522262573244,0.0003719673110330415,16,{'estimator__n_estimators': 16},0.8026315789473684,0.857456140350877,0.8924485125858123,0.9130434782608696,0.9244851258581236,0.9016018306636155,0.919908466819222,0.8421052631578947,0.931350114416476,0.8741418764302058,0.8859172387490466,0.03941600200206801,12
0.051474261283874514,0.0006299874207403221,0.018638992309570314,0.00027050663925963964,17,{'estimator__n_estimators': 17},0.8004385964912281,0.8596491228070174,0.8924485125858123,0.9176201372997713,0.9267734553775744,0.9016018306636155,0.9221967963386727,0.8421052631578947,0.931350114416476,0.8695652173913043,0.8863749046529368,0.040650604041951366,8
0.05306265354156494,0.0008814686489469465,0.018561124801635742,0.000328786689446631,18,{'estimator__n_estimators': 18},0.8135964912280701,0.8596491228070174,0.8924485125858123,0.9176201372997713,0.9244851258581236,0.8993135011441646,0.9267734553775744,0.8421052631578947,0.9290617848970251,0.8718535469107551,0.8876906941266208,0.03775113906476773,1
0.054466080665588376,0.0005544695102215434,0.018578195571899415,0.0002223563862904155,19,{'estimator__n_estimators': 19},0.8114035087719298,0.8618421052631579,0.8901601830663616,0.9221967963386729,0.919908466819222,0.8993135011441646,0.9290617848970253,0.839816933638444,0.9267734553775744,0.8672768878718534,0.8867753623188405,0.03846686842692012,5
0.05620343685150146,0.0016544851113815804,0.018631458282470703,0.0004366167322138261,20,{'estimator__n_estimators': 20},0.8114035087719298,0.8618421052631579,0.8924485125858123,0.9221967963386729,0.919908466819222,0.8993135011441646,0.9244851258581236,0.8443935926773454,0.9290617848970251,0.8695652173913043,0.8874618611746758,0.0376062657754547,2
0.05683243274688721,0.0006460494826190785,0.018469953536987306,0.00019114590699645156,21,{'estimator__n_estimators': 21},0.8092105263157895,0.8640350877192983,0.8947368421052632,0.9221967963386729,0.9221967963386729,0.8947368421052632,0.9267734553775744,0.8466819221967963,0.9244851258581236,0.8672768878718534,0.8872330282227306,0.03765236214392451,3
0.058720064163208005,0.0009328062651415953,0.018589282035827638,0.00024099201965971964,22,{'estimator__n_estimators': 22},0.8026315789473685,0.8640350877192983,0.8878718535469108,0.9221967963386729,0.9244851258581236,0.8924485125858123,0.9290617848970251,0.8443935926773454,0.9267734553775744,0.8695652173913043,0.8863463005339437,0.039731522849140284,9
0.060997748374938966,0.0019618897675251516,0.01855158805847168,0.00028429235718692355,23,{'estimator__n_estimators': 23},0.8026315789473685,0.8618421052631579,0.8878718535469108,0.919908466819222,0.9221967963386729,0.8924485125858123,0.9290617848970251,0.8421052631578947,0.9244851258581236,0.8695652173913043,0.8852116704805493,0.03945254674005591,15
0.06186764240264893,0.001063150577272753,0.018712687492370605,0.00034099866847525835,24,{'estimator__n_estimators': 24},0.8004385964912281,0.8596491228070174,0.8924485125858123,0.9176201372997712,0.919908466819222,0.8970251716247138,0.9244851258581236,0.8398169336384439,0.9267734553775744,0.8718535469107551,0.8850019069412662,0.039742285867582924,18
0.06355431079864501,0.0022295542611132364,0.01898636817932129,0.0007696826499302143,25,{'estimator__n_estimators': 25},0.8070175438596492,0.8596491228070174,0.8878718535469108,0.919908466819222,0.9176201372997712,0.8947368421052632,0.9267734553775744,0.8421052631578947,0.9244851258581236,0.8718535469107551,0.8852021357742181,0.037981751298907816,16
0.06572544574737549,0.0025567859182923573,0.019039845466613768,0.0005669054431018413,26,{'estimator__n_estimators': 26},0.8026315789473684,0.8596491228070174,0.8855835240274599,0.9267734553775744,0.9176201372997712,0.8970251716247138,0.9244851258581236,0.8375286041189931,0.9290617848970251,0.8718535469107551,0.8852212051868801,0.04038273558886941,14
0.07261734008789063,0.006773258396701351,0.019134259223937987,0.0007093477426083083,27,{'estimator__n_estimators': 27},0.8004385964912281,0.8596491228070174,0.8832951945080092,0.9221967963386727,0.9176201372997712,0.8970251716247138,0.9267734553775744,0.8421052631578947,0.9244851258581236,0.8718535469107551,0.8845442410373761,0.03962737856708176,24
0.07689464092254639,0.009691743720606334,0.020176267623901366,0.0020399917465077832,28,{'estimator__n_estimators': 28},0.8026315789473684,0.8618421052631579,0.8810068649885584,0.9221967963386729,0.9176201372997712,0.8970251716247138,0.9267734553775744,0.8421052631578947,0.9244851258581236,0.874141876430206,0.8849828375286041,0.038975660173249826,20
0.0735624074935913,0.003066226412866238,0.019466161727905273,0.0008386733410697114,29,{'estimator__n_estimators': 29},0.8048245614035088,0.8574561403508772,0.8810068649885584,0.919908466819222,0.919908466819222,0.8947368421052632,0.9267734553775744,0.8421052631578947,0.9244851258581236,0.874141876430206,0.884534706331045,0.03872274208225823,25
0.06949295997619628,0.0019580196004535606,0.01854109764099121,0.0003217792573168346,30,{'estimator__n_estimators': 30},0.8004385964912281,0.8574561403508772,0.8855835240274599,0.9176201372997712,0.919908466819222,0.8947368421052632,0.9290617848970251,0.8421052631578947,0.9267734553775744,0.874141876430206,0.8847826086956522,0.039913610891842706,23
0.07038495540618897,0.002152655875364413,0.018742084503173828,0.0005319372407879457,31,{'estimator__n_estimators': 31},0.8026315789473684,0.8552631578947368,0.8855835240274599,0.9221967963386727,0.9153318077803205,0.8924485125858123,0.9290617848970251,0.8443935926773456,0.9221967963386727,0.874141876430206,0.884324942791762,0.038878711801126196,26
0.07224156856536865,0.0035023493770296532,0.01895771026611328,0.0006965314156075091,32,{'estimator__n_estimators': 32},0.8026315789473684,0.8508771929824562,0.8855835240274599,0.9267734553775743,0.9176201372997712,0.8947368421052632,0.9290617848970251,0.8421052631578947,0.9244851258581236,0.874141876430206,0.8848016781083142,0.040387057709615884,21
0.07216031551361084,0.002530813311609634,0.018434429168701173,0.00021513519725218792,33,{'estimator__n_estimators': 33},0.8004385964912281,0.8552631578947371,0.8855835240274599,0.9244851258581236,0.9221967963386729,0.8924485125858123,0.9290617848970251,0.8421052631578947,0.9221967963386727,0.8764302059496568,0.8850209763539283,0.040338376725653956,17
0.0740919828414917,0.0038581200191252804,0.018394207954406737,0.0003845371724054861,34,{'estimator__n_estimators': 34},0.7960526315789472,0.8552631578947371,0.8810068649885584,0.9244851258581236,0.9244851258581236,0.8924485125858123,0.9290617848970251,0.8489702517162471,0.9244851258581236,0.8787185354691075,0.8854977116704805,0.041013568930008834,13
0.0761028528213501,0.0023373958626131323,0.018740749359130858,0.0003782623157400118,35,{'estimator__n_estimators': 35},0.7982456140350876,0.8574561403508772,0.8832951945080091,0.9221967963386729,0.9244851258581236,0.8924485125858123,0.9267734553775743,0.8466819221967965,0.9244851258581236,0.8718535469107551,0.8847921434019833,0.0402874921307338,22
0.0798593282699585,0.004246783832891104,0.01876709461212158,0.00041097516180051553,36,{'estimator__n_estimators': 36},0.7916666666666666,0.8552631578947371,0.8832951945080091,0.9221967963386729,0.9244851258581236,0.8924485125858123,0.9290617848970251,0.8443935926773456,0.9244851258581236,0.874141876430206,0.8841437833714721,0.042256855726861275,27
0.07971816062927246,0.00434583320553375,0.019126391410827635,0.0006190676708722352,37,{'estimator__n_estimators': 37},0.7916666666666666,0.8574561403508772,0.8832951945080091,0.9221967963386727,0.919908466819222,0.8901601830663615,0.9267734553775744,0.8466819221967963,0.9244851258581236,0.8764302059496568,0.883905415713196,0.04115257455768417,28
0.08174769878387451,0.0027083629592051612,0.018922305107116698,0.0004667110820204586,38,{'estimator__n_estimators': 38},0.7872807017543859,0.8552631578947371,0.8832951945080091,0.9244851258581236,0.919908466819222,0.8901601830663615,0.9290617848970251,0.8466819221967963,0.9244851258581236,0.8764302059496568,0.883705186880244,0.04273876249675861,29
0.08485875129699708,0.005870415568426517,0.01876368522644043,0.00027966209078402105,39,{'estimator__n_estimators': 39},0.7916666666666666,0.8530701754385966,0.8832951945080091,0.9221967963386727,0.919908466819222,0.8901601830663615,0.9267734553775744,0.8489702517162471,0.9221967963386727,0.8764302059496568,0.8834668192219679,0.04103542652723855,33
0.08162288665771485,0.0025079323042035166,0.018762874603271484,0.00046329203334197655,40,{'estimator__n_estimators': 40},0.7916666666666666,0.8552631578947371,0.8810068649885584,0.9221967963386727,0.9176201372997712,0.8901601830663615,0.9290617848970251,0.8466819221967963,0.9244851258581236,0.8764302059496567,0.883457284515637,0.04135706870609104,34
0.08623497486114502,0.008528054921143736,0.01860470771789551,0.0005874615868937421,41,{'estimator__n_estimators': 41},0.7894736842105263,0.8574561403508772,0.8810068649885584,0.9199084668192219,0.919908466819222,0.8901601830663615,0.931350114416476,0.8489702517162471,0.9221967963386727,0.8764302059496568,0.883686117467582,0.04153308556219162,31
0.0819413423538208,0.0018537600145568487,0.01842660903930664,0.0002590680196866894,42,{'estimator__n_estimators': 42},0.7894736842105263,0.8552631578947371,0.8810068649885584,0.9267734553775743,0.919908466819222,0.8901601830663615,0.9290617848970253,0.8443935926773456,0.9199084668192219,0.8764302059496568,0.8832379862700229,0.0422694555665261,35
0.08312802314758301,0.002166790529983897,0.01841592788696289,0.00034456980243846634,43,{'estimator__n_estimators': 43},0.7894736842105263,0.8574561403508772,0.8810068649885584,0.9244851258581236,0.9153318077803205,0.8901601830663615,0.931350114416476,0.8443935926773456,0.9244851258581236,0.8787185354691075,0.8836861174675821,0.04217118692436992,30
0.08359556198120117,0.0014168308339057424,0.018224048614501952,0.0003421075294729711,44,{'estimator__n_estimators': 44},0.7916666666666666,0.8574561403508772,0.8810068649885584,0.9244851258581236,0.9130434782608696,0.8901601830663615,0.9267734553775744,0.8443935926773456,0.9221967963386727,0.8810068649885584,0.8832189168573608,0.040767126305744514,36
0.08637423515319824,0.0032732561864217196,0.018963313102722167,0.0004308579351834061,45,{'estimator__n_estimators': 45},0.7894736842105263,0.8574561403508772,0.8810068649885584,0.9199084668192219,0.9153318077803205,0.8924485125858123,0.9290617848970251,0.8443935926773456,0.9244851258581236,0.874141876430206,0.8827707856598017,0.041607195950028646,41
0.089237642288208,0.0018885556672504071,0.019255685806274413,0.0005002001311421182,46,{'estimator__n_estimators': 46},0.7916666666666667,0.8574561403508772,0.8810068649885584,0.9221967963386727,0.9153318077803205,0.8924485125858123,0.9267734553775744,0.8443935926773456,0.9267734553775744,0.8787185354691075,0.8836765827612512,0.04123795209793726,32
0.0884237289428711,0.0016428290314014834,0.022053074836730958,0.009355727436663904,47,{'estimator__n_estimators': 47},0.7916666666666666,0.8574561403508772,0.8787185354691075,0.9221967963386727,0.9176201372997712,0.8924485125858123,0.9244851258581236,0.8443935926773456,0.9244851258581236,0.8764302059496567,0.8829900839054158,0.04100300215094234,39
0.09116594791412354,0.002078719364994039,0.019475793838500975,0.0005451703670036193,48,{'estimator__n_estimators': 48},0.7894736842105263,0.8574561403508772,0.8787185354691075,0.9199084668192219,0.9153318077803205,0.8924485125858123,0.9244851258581236,0.8443935926773456,0.9244851258581236,0.8764302059496568,0.8823131197559115,0.04109230673409236,54
0.09191329479217529,0.002818232023753011,0.019358396530151367,0.000494851140558432,49,{'estimator__n_estimators': 49},0.7916666666666666,0.8574561403508772,0.8764302059496568,0.9221967963386727,0.9176201372997712,0.8924485125858123,0.9221967963386727,0.8443935926773456,0.9244851258581236,0.8764302059496568,0.8825324180015256,0.04080500084428847,43
0.09370656013488769,0.0027401471770702223,0.019462156295776366,0.0004278352121189203,50,{'estimator__n_estimators': 50},0.7894736842105263,0.8596491228070177,0.8787185354691075,0.917620137299771,0.9153318077803205,0.8901601830663615,0.9221967963386727,0.8443935926773456,0.9267734553775744,0.8764302059496568,0.8820747520976354,0.04072283678015566,60
0.10313246250152588,0.011516040915865649,0.01932692527770996,0.0007516695788232892,51,{'estimator__n_estimators': 51},0.7894736842105263,0.8596491228070177,0.8787185354691075,0.917620137299771,0.9153318077803205,0.8878718535469106,0.9221967963386727,0.8443935926773456,0.9244851258581236,0.8764302059496568,0.8816170861937452,0.04043550134757276,76
0.10536434650421142,0.009114875446019577,0.01921994686126709,0.0005448800185050148,52,{'estimator__n_estimators': 52},0.7894736842105263,0.8596491228070177,0.8787185354691075,0.9199084668192219,0.9176201372997712,0.8878718535469106,0.9221967963386729,0.8443935926773456,0.9244851258581236,0.8787185354691075,0.8823035850495804,0.04081253500297012,55
0.10462062358856201,0.010165931789967487,0.019760966300964355,0.0009863518056784405,53,{'estimator__n_estimators': 53},0.7916666666666667,0.8596491228070177,0.8764302059496568,0.9221967963386727,0.9153318077803205,0.8878718535469106,0.9221967963386727,0.8443935926773456,0.9244851258581236,0.874141876430206,0.8818363844393593,0.04043322714099814,72
0.09579718112945557,0.002424426702013307,0.01956167221069336,0.0003855280943626636,54,{'estimator__n_estimators': 54},0.7916666666666667,0.8596491228070177,0.8787185354691075,0.919908466819222,0.9153318077803205,0.8878718535469106,0.919908466819222,0.8443935926773456,0.9244851258581236,0.8764302059496567,0.8818363844393593,0.03992494873530521,72
0.10875852108001709,0.01801456787205166,0.01954343318939209,0.000648854377620777,55,{'estimator__n_estimators': 55},0.7916666666666667,0.8596491228070177,0.8787185354691075,0.9221967963386727,0.9176201372997712,0.8878718535469106,0.9221967963386729,0.8443935926773456,0.9244851258581236,0.874141876430206,0.8822940503432495,0.0406022065778244,56
0.10082864761352539,0.003025818485024535,0.019416546821594237,0.0003992287526613742,56,{'estimator__n_estimators': 56},0.7916666666666667,0.8596491228070177,0.8810068649885584,0.9221967963386727,0.9153318077803205,0.8878718535469106,0.9221967963386729,0.8443935926773456,0.9244851258581236,0.8764302059496567,0.8825228832951947,0.04035496055329655,44
0.10125725269317627,0.0026124214328127836,0.01959388256072998,0.0003282462290538706,57,{'estimator__n_estimators': 57},0.7916666666666667,0.8574561403508772,0.8764302059496568,0.919908466819222,0.9176201372997712,0.8878718535469106,0.9221967963386729,0.8443935926773456,0.9244851258581236,0.8764302059496567,0.8818459191456904,0.04049648736461285,68
0.10070505142211914,0.004254479784128623,0.019672274589538574,0.00029215982828723476,58,{'estimator__n_estimators': 58},0.7916666666666667,0.8574561403508772,0.8787185354691075,0.9199084668192219,0.9176201372997712,0.8878718535469106,0.9221967963386729,0.8398169336384439,0.9244851258581236,0.8764302059496567,0.8816170861937452,0.04091862740566848,76
0.10348434448242187,0.008477862098988782,0.019808053970336914,0.00041295577665866306,59,{'estimator__n_estimators': 59},0.7916666666666667,0.8574561403508772,0.8764302059496568,0.919908466819222,0.9153318077803205,0.8878718535469106,0.9221967963386729,0.8443935926773456,0.9244851258581236,0.8764302059496567,0.8816170861937452,0.04029967902680939,76
0.10946228504180908,0.011403010013027853,0.01964263916015625,0.00034308588943500587,60,{'estimator__n_estimators': 60},0.7916666666666667,0.8552631578947371,0.8787185354691075,0.9221967963386727,0.9153318077803205,0.8878718535469106,0.919908466819222,0.8443935926773456,0.9244851258581236,0.8764302059496567,0.8816266209000764,0.04041400313002461,75
0.10583550930023193,0.002713372685431917,0.019725513458251954,0.00043948570197358433,61,{'estimator__n_estimators': 61},0.7916666666666667,0.8574561403508772,0.8764302059496568,0.919908466819222,0.9153318077803205,0.8878718535469106,0.9221967963386729,0.8421052631578947,0.9244851258581236,0.8764302059496567,0.8813882532418003,0.040516309483331,89
0.10708580017089844,0.002574869078543493,0.0198106050491333,0.0004604747832588036,62,{'estimator__n_estimators': 62},0.7916666666666667,0.8618421052631579,0.8764302059496568,0.919908466819222,0.9153318077803205,0.8878718535469106,0.9244851258581236,0.8421052631578947,0.9244851258581236,0.8764302059496567,0.8820556826849734,0.04051242751782695,62
0.10861415863037109,0.00525156438533439,0.02012481689453125,0.000735779900747313,63,{'estimator__n_estimators': 63},0.7916666666666667,0.8574561403508772,0.8787185354691075,0.9221967963386727,0.9153318077803205,0.8878718535469106,0.9221967963386729,0.8421052631578947,0.9244851258581236,0.8764302059496567,0.8818459191456904,0.04071571472585069,68
0.10673353672027588,0.002858751099222977,0.019611287117004394,0.00022025489912219146,64,{'estimator__n_estimators': 64},0.793859649122807,0.8640350877192983,0.8764302059496568,0.919908466819222,0.9153318077803205,0.8878718535469106,0.919908466819222,0.8421052631578947,0.9244851258581236,0.8764302059496567,0.8820366132723112,0.039458407299645955,67
0.10797674655914306,0.004560550490776199,0.019881343841552733,0.0002833467184487015,65,{'estimator__n_estimators': 65},0.793859649122807,0.8618421052631579,0.8764302059496568,0.9221967963386727,0.9176201372997713,0.8878718535469106,0.9221967963386729,0.8421052631578947,0.9244851258581236,0.8764302059496567,0.8825038138825324,0.04020694313699848,49
0.12269835472106934,0.016088513192346696,0.020340919494628906,0.000959623573664268,66,{'estimator__n_estimators': 66},0.793859649122807,0.8618421052631579,0.8764302059496568,0.9221967963386727,0.9153318077803205,0.8878718535469106,0.9244851258581236,0.8421052631578947,0.9244851258581236,0.8764302059496567,0.8825038138825324,0.040245995423340966,49
0.11269922256469726,0.0033559032011626438,0.01947324275970459,0.00041010612651021255,67,{'estimator__n_estimators': 67},0.793859649122807,0.8618421052631579,0.8787185354691075,0.9221967963386727,0.9130434782608696,0.8878718535469106,0.9244851258581236,0.8421052631578947,0.9244851258581236,0.8764302059496567,0.8825038138825324,0.04003727639648948,49
0.11413636207580566,0.006880363720265822,0.0202028751373291,0.0008729133971374711,68,{'estimator__n_estimators': 68},0.793859649122807,0.8618421052631579,0.8787185354691075,0.9221967963386727,0.9176201372997712,0.8878718535469106,0.9221967963386727,0.8398169336384439,0.9244851258581236,0.8764302059496567,0.8825038138825324,0.0404147859426289,49
0.11560137271881103,0.006510025687887793,0.019987773895263673,0.00045102962606764665,69,{'estimator__n_estimators': 69},0.793859649122807,0.8618421052631579,0.8787185354691075,0.9221967963386727,0.9176201372997712,0.8878718535469106,0.9244851258581236,0.8421052631578947,0.9244851258581236,0.8787185354691075,0.8831903127383678,0.040377031707451945,37
0.11438524723052979,0.0036593688164608903,0.020051789283752442,0.000744580925178896,70,{'estimator__n_estimators': 70},0.793859649122807,0.8618421052631579,0.8787185354691075,0.9199084668192219,0.9153318077803205,0.8878718535469106,0.9221967963386727,0.8398169336384439,0.9244851258581236,0.8764302059496567,0.8820461479786422,0.03999943857749649,65
0.11628599166870117,0.004302137470018353,0.019953393936157228,0.000524681513202981,71,{'estimator__n_estimators': 71},0.793859649122807,0.8596491228070177,0.8787185354691075,0.9221967963386727,0.9176201372997712,0.8878718535469106,0.9221967963386727,0.8398169336384439,0.9244851258581236,0.8764302059496567,0.8822845156369183,0.04053208483629374,58
0.11692936420440674,0.0021234283884893606,0.020089197158813476,0.000574286100198484,72,{'estimator__n_estimators': 72},0.793859649122807,0.8618421052631579,0.8787185354691075,0.9221967963386727,0.919908466819222,0.8878718535469106,0.9244851258581236,0.8398169336384439,0.9244851258581236,0.8764302059496567,0.8829614797864226,0.04084642485822701,40
0.11883077621459961,0.004354387578525838,0.02033255100250244,0.0009032438605814714,73,{'estimator__n_estimators': 73},0.793859649122807,0.8618421052631579,0.8787185354691075,0.9221967963386727,0.9176201372997712,0.8878718535469106,0.9221967963386729,0.8421052631578947,0.9244851258581236,0.8764302059496567,0.8827326468344776,0.040178226364990494,42
0.11831748485565186,0.00323251584675832,0.01983752250671387,0.00039736859446428606,74,{'estimator__n_estimators': 74},0.793859649122807,0.8596491228070177,0.8787185354691075,0.9221967963386727,0.9176201372997712,0.8878718535469106,0.9244851258581236,0.8398169336384439,0.9244851258581236,0.8764302059496567,0.8825133485888635,0.04076257685523895,45
0.11712441444396973,0.0029623706598214034,0.020158028602600096,0.00031164700050633664,75,{'estimator__n_estimators': 75},0.793859649122807,0.8618421052631579,0.8787185354691075,0.9221967963386727,0.919908466819222,0.8878718535469106,0.9221967963386729,0.8443935926773456,0.9244851258581236,0.8764302059496567,0.8831903127383678,0.040155955383230184,37
0.11785502433776855,0.002528898906797082,0.01976938247680664,0.00022006824743739574,76,{'estimator__n_estimators': 76},0.793859649122807,0.8596491228070177,0.8764302059496568,0.9221967963386727,0.9176201372997712,0.8878718535469106,0.9244851258581236,0.8421052631578947,0.9244851258581236,0.8764302059496567,0.8825133485888635,0.040556516437097685,45
0.11953015327453613,0.0022542220930709678,0.019902610778808595,0.0002711664837929972,77,{'estimator__n_estimators': 77},0.793859649122807,0.8618421052631579,0.8764302059496568,0.9221967963386727,0.919908466819222,0.8878718535469106,0.9221967963386727,0.8398169336384439,0.9244851258581236,0.8764302059496567,0.8825038138825324,0.04064733878067589,49
0.12132017612457276,0.0035621192276299937,0.019997406005859374,0.00013919050621364698,78,{'estimator__n_estimators': 78},0.793859649122807,0.8618421052631579,0.8764302059496568,0.9221967963386727,0.9153318077803205,0.8878718535469106,0.9221967963386727,0.8398169336384439,0.9244851258581236,0.8764302059496567,0.8820461479786422,0.04024740493591302,65
0.120888352394104,0.0034008416864683803,0.0198392391204834,0.0004752912232980386,79,{'estimator__n_estimators': 79},0.793859649122807,0.8596491228070177,0.8787185354691075,0.9221967963386727,0.9176201372997712,0.8878718535469106,0.9221967963386727,0.8398169336384439,0.9244851258581236,0.8764302059496567,0.8822845156369183,0.04053208483629374,58
0.12255284786224366,0.0027535845345118366,0.019849133491516114,0.00024361743061445973,80,{'estimator__n_estimators': 80},0.793859649122807,0.8574561403508772,0.8787185354691075,0.9221967963386727,0.9153318077803205,0.8878718535469106,0.9176201372997712,0.8398169336384439,0.9244851258581236,0.8764302059496567,0.8813787185354691,0.04002938284042299,92
0.12285969257354737,0.003461391250805613,0.01987748146057129,0.00037387507141011406,81,{'estimator__n_estimators': 81},0.793859649122807,0.8596491228070177,0.8764302059496568,0.9199084668192219,0.9176201372997712,0.8878718535469106,0.919908466819222,0.8398169336384439,0.9244851258581236,0.8787185354691075,0.8818268497330284,0.040089334659575926,74
0.12324309349060059,0.0020438602978844413,0.01988976001739502,0.0003603552933097047,82,{'estimator__n_estimators': 82},0.7916666666666666,0.8574561403508772,0.8764302059496568,0.9221967963386727,0.919908466819222,0.8878718535469106,0.9199084668192219,0.8398169336384439,0.9244851258581236,0.8764302059496567,0.8816170861937452,0.04114833284504304,76
0.12598154544830323,0.003023399554339493,0.01989607810974121,0.0003956022058409378,83,{'estimator__n_estimators': 83},0.793859649122807,0.8596491228070177,0.8764302059496568,0.9199084668192219,0.9176201372997712,0.8878718535469106,0.9176201372997712,0.8421052631578947,0.9244851258581236,0.8764302059496567,0.8815980167810832,0.03966661984659771,83
0.12663693428039552,0.00359449291079951,0.02016942501068115,0.0002505746157488241,84,{'estimator__n_estimators': 84},0.7916666666666667,0.8574561403508772,0.8764302059496568,0.9221967963386727,0.9153318077803205,0.8878718535469106,0.9199084668192219,0.8421052631578947,0.9244851258581236,0.8764302059496567,0.8813882532418003,0.040516309483330966,89
0.13202462196350098,0.006246978003855713,0.020150065422058105,0.00043466103187439264,85,{'estimator__n_estimators': 85},0.7916666666666667,0.8574561403508772,0.8764302059496568,0.9199084668192219,0.919908466819222,0.8878718535469106,0.9176201372997712,0.8421052631578947,0.9244851258581236,0.8764302059496567,0.8813882532418003,0.040490452619762335,89
0.13251025676727296,0.006713599588680669,0.019994139671325684,0.00024814198075163573,86,{'estimator__n_estimators': 86},0.7916666666666667,0.8574561403508772,0.8764302059496568,0.9221967963386727,0.9176201372997712,0.8878718535469106,0.9199084668192219,0.8421052631578947,0.9244851258581236,0.8787185354691075,0.8818459191456904,0.040689984576563996,68
0.13268940448760985,0.006717574862140296,0.02024385929107666,0.0006998458369993601,87,{'estimator__n_estimators': 87},0.7916666666666667,0.8596491228070177,0.8764302059496568,0.9221967963386727,0.9153318077803205,0.8878718535469106,0.9199084668192219,0.8421052631578947,0.9244851258581236,0.8764302059496567,0.8816075514874143,0.04039192516942199,80
0.12941854000091552,0.005082103969622209,0.01989901065826416,0.00036336640714150617,88,{'estimator__n_estimators': 88},0.7916666666666667,0.8596491228070177,0.8764302059496568,0.9199084668192219,0.9176201372997712,0.8878718535469106,0.9221967963386727,0.8398169336384439,0.9244851258581236,0.8764302059496567,0.8816075514874143,0.040817498723261805,80
0.12983417510986328,0.0023370749734618955,0.020078587532043456,0.00028691228905656867,89,{'estimator__n_estimators': 89},0.793859649122807,0.8596491228070177,0.8764302059496568,0.9199084668192219,0.9153318077803205,0.8878718535469106,0.9199084668192219,0.8421052631578947,0.9244851258581236,0.8764302059496567,0.8815980167810832,0.039679818805690346,83
0.13132946491241454,0.0023904927258266086,0.019840073585510255,0.00030740930226972913,90,{'estimator__n_estimators': 90},0.793859649122807,0.8574561403508772,0.8764302059496568,0.917620137299771,0.9176201372997712,0.8878718535469106,0.9221967963386727,0.8421052631578947,0.9244851258581236,0.8764302059496567,0.8816075514874143,0.04002006117157534,80
0.1320331573486328,0.002885476230425918,0.019702553749084473,0.0005476047236993838,91,{'estimator__n_estimators': 91},0.793859649122807,0.8596491228070177,0.8787185354691075,0.9221967963386727,0.9176201372997712,0.8855835240274599,0.9221967963386727,0.8443935926773454,0.9244851258581236,0.8764302059496567,0.8825133485888635,0.0400498027460033,45
0.13699898719787598,0.006383467574550182,0.020190048217773437,0.00036878854937048654,92,{'estimator__n_estimators': 92},0.7916666666666667,0.8574561403508772,0.8764302059496568,0.9221967963386727,0.9176201372997712,0.8878718535469106,0.9221967963386727,0.8421052631578947,0.9244851258581236,0.8764302059496567,0.8818459191456904,0.04093376799662423,68
0.13336188793182374,0.0022074390982294257,0.019815754890441895,0.0004452517750461905,93,{'estimator__n_estimators': 93},0.793859649122807,0.8552631578947371,0.8787185354691075,0.9153318077803203,0.9130434782608696,0.8878718535469106,0.9221967963386727,0.8421052631578947,0.9244851258581236,0.8764302059496567,0.8809305873379101,0.0395417227224822,100
0.13885302543640138,0.010813167343297833,0.020094704627990723,0.0012159779814441098,94,{'estimator__n_estimators': 94},0.793859649122807,0.8596491228070177,0.8764302059496568,0.9199084668192219,0.919908466819222,0.8878718535469106,0.9221967963386727,0.8421052631578947,0.9244851258581236,0.8764302059496567,0.8822845156369186,0.04031185885582438,57
0.14125242233276367,0.009212535244614945,0.020307636260986327,0.0008883300877804085,95,{'estimator__n_estimators': 95},0.793859649122807,0.8596491228070177,0.8787185354691075,0.9199084668192219,0.9130434782608696,0.8878718535469106,0.9221967963386727,0.8443935926773454,0.9244851258581236,0.8764302059496567,0.8820556826849734,0.03947186474395579,62
0.1375276565551758,0.0019619023141582933,0.01987326145172119,0.00034968473917846085,96,{'estimator__n_estimators': 96},0.793859649122807,0.8596491228070177,0.8764302059496568,0.9221967963386727,0.9221967963386729,0.8878718535469106,0.9199084668192219,0.8421052631578947,0.9244851258581236,0.8764302059496567,0.8825133485888635,0.040530685223873764,45
0.1454524278640747,0.008484254910178847,0.020180058479309083,0.0004804731389899676,97,{'estimator__n_estimators': 97},0.7916666666666667,0.8596491228070177,0.8787185354691075,0.9221967963386727,0.919908466819222,0.8878718535469106,0.9199084668192219,0.8421052631578947,0.9244851258581236,0.8741418764302058,0.8820652173913043,0.040808196682590475,61
0.14697258472442626,0.004285344918925655,0.02046933174133301,0.0005715505836107895,98,{'estimator__n_estimators': 98},0.793859649122807,0.8596491228070177,0.8764302059496568,0.9221967963386727,0.9176201372997712,0.8878718535469106,0.9199084668192219,0.8421052631578947,0.9244851258581236,0.8718535469107551,0.8815980167810832,0.04019119736921528,83
0.14390482902526855,0.0047982180755667125,0.02004380226135254,0.0006142171418839919,99,{'estimator__n_estimators': 99},0.793859649122807,0.8596491228070177,0.8764302059496568,0.9176201372997712,0.9176201372997712,0.8878718535469106,0.9199084668192219,0.8421052631578947,0.9244851258581236,0.8718535469107551,0.881140350877193,0.03974991967792322,96
0.14307031631469727,0.0037520267189705032,0.02013723850250244,0.0002592186536845242,100,{'estimator__n_estimators': 100},0.793859649122807,0.8596491228070177,0.8764302059496568,0.919908466819222,0.9176201372997712,0.8878718535469106,0.9176201372997712,0.8466819221967963,0.9244851258581236,0.8764302059496567,0.8820556826849734,0.03923234480887698,62
0.14570181369781493,0.004200208095803054,0.02023921012878418,0.00025851088315190045,101,{'estimator__n_estimators': 101},0.793859649122807,0.8596491228070177,0.8764302059496568,0.9199084668192219,0.9176201372997712,0.8878718535469106,0.9176201372997712,0.8443935926773454,0.9244851258581236,0.874141876430206,0.8815980167810832,0.0394813711069366,83
0.14700920581817628,0.004215327135024392,0.020477771759033203,0.000586155837002156,102,{'estimator__n_estimators': 102},0.793859649122807,0.8574561403508772,0.8764302059496568,0.9176201372997712,0.919908466819222,0.8878718535469106,0.9176201372997712,0.8443935926773454,0.9244851258581236,0.8718535469107551,0.8811498855835241,0.039656292494562005,95
0.14411840438842774,0.0022107076796037124,0.019952392578125,0.00024845218394697953,103,{'estimator__n_estimators': 103},0.793859649122807,0.8596491228070177,0.8764302059496568,0.9153318077803203,0.9221967963386729,0.8878718535469106,0.9153318077803203,0.8466819221967963,0.9244851258581236,0.8718535469107551,0.8813691838291382,0.039144488051784575,93
0.14884669780731202,0.00530131846079841,0.020234560966491698,0.0002996702734380497,104,{'estimator__n_estimators': 104},0.793859649122807,0.8596491228070177,0.8787185354691075,0.9199084668192219,0.919908466819222,0.8855835240274599,0.9153318077803203,0.8466819221967963,0.9244851258581236,0.8718535469107551,0.8815980167810832,0.03928192088626621,83
0.14445385932922364,0.002969456266475492,0.019971203804016114,0.0003952539855747059,105,{'estimator__n_estimators': 105},0.793859649122807,0.8596491228070177,0.874141876430206,0.9130434782608695,0.9176201372997712,0.8878718535469106,0.9153318077803203,0.8489702517162471,0.9244851258581236,0.8718535469107551,0.8806826849733028,0.03832696254625736,106
0.14547200202941896,0.003470013119975147,0.020072627067565917,0.00029596026815562266,106,{'estimator__n_estimators': 106},0.793859649122807,0.8596491228070177,0.874141876430206,0.9176201372997712,0.919908466819222,0.8878718535469106,0.9176201372997712,0.8466819221967963,0.9244851258581236,0.8718535469107551,0.8813691838291382,0.039357941907612416,93
0.1469254493713379,0.0036913714215250906,0.01985616683959961,0.00041471481641235965,107,{'estimator__n_estimators': 107},0.793859649122807,0.8596491228070177,0.874141876430206,0.9199084668192219,0.919908466819222,0.8855835240274599,0.9153318077803203,0.8466819221967963,0.9244851258581236,0.8718535469107551,0.881140350877193,0.03933942185729081,96
0.14668872356414794,0.00188219901886754,0.020152807235717773,0.00023259335032021705,108,{'estimator__n_estimators': 108},0.7960526315789473,0.8596491228070177,0.8718535469107551,0.9153318077803203,0.9176201372997712,0.8878718535469106,0.9176201372997712,0.8466819221967963,0.9244851258581236,0.8718535469107551,0.8809019832189169,0.038491278800856274,102
0.14840328693389893,0.00233946158648991,0.02013249397277832,0.00031797343070905803,109,{'estimator__n_estimators': 109},0.7960526315789473,0.8596491228070177,0.8718535469107551,0.9153318077803203,0.9176201372997712,0.8878718535469106,0.9153318077803205,0.8466819221967963,0.9244851258581236,0.8718535469107551,0.8806731502669718,0.03827852109509612,108
0.14932122230529785,0.002056331098598749,0.020094680786132812,0.00024691399285599157,110,{'estimator__n_estimators': 110},0.7960526315789473,0.8618421052631581,0.8718535469107551,0.917620137299771,0.919908466819222,0.8855835240274599,0.9153318077803203,0.8466819221967963,0.9244851258581236,0.8718535469107551,0.8811212814645308,0.038566202882519336,99
0.15073049068450928,0.0036595820191582273,0.020142531394958495,0.00029700135421080145,111,{'estimator__n_estimators': 111},0.793859649122807,0.8596491228070177,0.874141876430206,0.9221967963386727,0.919908466819222,0.8855835240274599,0.9176201372997712,0.8466819221967963,0.9244851258581236,0.8718535469107551,0.8815980167810832,0.03977208887194439,83
0.15284717082977295,0.004494645168096669,0.02000727653503418,0.0003627201596499434,112,{'estimator__n_estimators': 112},0.7960526315789473,0.8596491228070177,0.8718535469107551,0.9199084668192219,0.919908466819222,0.8855835240274599,0.9153318077803203,0.8466819221967963,0.9244851258581236,0.8718535469107551,0.881130816170862,0.03890393986669929,98
0.15220983028411866,0.0038221130769014464,0.02008810043334961,0.0003902779194146927,113,{'estimator__n_estimators': 113},0.7916666666666667,0.8574561403508772,0.8718535469107551,0.9199084668192219,0.919908466819222,0.8855835240274599,0.9153318077803203,0.8466819221967963,0.9244851258581236,0.8718535469107551,0.8804729214340199,0.039994250580709885,111
0.1553011417388916,0.003342200076625374,0.020280122756958008,0.00021378913026071233,114,{'estimator__n_estimators': 114},0.7894736842105263,0.8574561403508772,0.8718535469107551,0.9199084668192219,0.919908466819222,0.8855835240274599,0.9153318077803203,0.8466819221967963,0.9244851258581236,0.8718535469107551,0.8802536231884058,0.04048361417582977,117
0.15444045066833495,0.0027242513983027307,0.02022087574005127,0.0002685894288764926,115,{'estimator__n_estimators': 115},0.793859649122807,0.8552631578947368,0.8718535469107551,0.9199084668192219,0.919908466819222,0.8855835240274599,0.9153318077803203,0.8466819221967963,0.9244851258581236,0.8718535469107551,0.8804729214340199,0.0396440018364136,111
0.15329976081848146,0.002003871858961323,0.020217537879943848,0.00034825365717077713,116,{'estimator__n_estimators': 116},0.7894736842105264,0.8596491228070177,0.874141876430206,0.9199084668192219,0.919908466819222,0.8855835240274599,0.9130434782608695,0.8466819221967963,0.9244851258581236,0.8718535469107551,0.8804729214340199,0.040131106626634556,111
0.15552232265472413,0.004600840815204166,0.020325231552124023,0.0001540954001734403,117,{'estimator__n_estimators': 117},0.7916666666666667,0.8596491228070177,0.8718535469107551,0.9199084668192219,0.9176201372997712,0.8855835240274599,0.9130434782608696,0.8489702517162471,0.9244851258581236,0.8718535469107551,0.8804633867276888,0.03926868657747632,114
0.15828022956848145,0.0027294028588083037,0.02031850814819336,0.0002082647359287764,118,{'estimator__n_estimators': 118},0.7894736842105264,0.8574561403508772,0.874141876430206,0.9199084668192219,0.9176201372997712,0.8855835240274599,0.9153318077803203,0.8489702517162471,0.9244851258581236,0.8718535469107551,0.8804824561403508,0.0400385297754387,109
0.15801963806152344,0.0024952027861677253,0.01988508701324463,0.0003860855750646029,119,{'estimator__n_estimators': 119},0.7916666666666667,0.8596491228070177,0.8718535469107551,0.917620137299771,0.919908466819222,0.8855835240274599,0.9153318077803203,0.8489702517162471,0.9244851258581236,0.8718535469107551,0.880692219679634,0.03946405735906392,104
0.15852301120758056,0.004549700534176445,0.02032761573791504,0.0001957869448285705,120,{'estimator__n_estimators': 120},0.7894736842105264,0.8574561403508772,0.874141876430206,0.9199084668192219,0.9221967963386729,0.8855835240274599,0.9130434782608695,0.8466819221967963,0.9244851258581236,0.8718535469107551,0.8804824561403508,0.04048075765234519,109
0.15845491886138915,0.0035852044783018415,0.02025580406188965,0.00014114194623916982,121,{'estimator__n_estimators': 121},0.7894736842105263,0.8596491228070177,0.8718535469107551,0.917620137299771,0.9221967963386729,0.8855835240274599,0.9153318077803203,0.8489702517162471,0.9244851258581236,0.8718535469107551,0.8807017543859649,0.040192169997507764,103
0.16053881645202636,0.0025182511239834975,0.02008676528930664,0.0003896260316901754,122,{'estimator__n_estimators': 122},0.7894736842105264,0.8574561403508772,0.8718535469107551,0.917620137299771,0.9221967963386729,0.8855835240274599,0.9153318077803203,0.8443935926773454,0.9244851258581236,0.8718535469107551,0.8800247902364606,0.04069159877289021,119
0.16120128631591796,0.0039743101394718846,0.02012190818786621,0.00044833487874615445,123,{'estimator__n_estimators': 123},0.7916666666666667,0.8596491228070177,0.8718535469107551,0.9221967963386727,0.9176201372997712,0.8832951945080092,0.9153318077803203,0.8489702517162471,0.9244851258581236,0.8695652173913043,0.8804633867276888,0.0397326680383686,114
0.16227493286132813,0.002803081646042743,0.020205020904541016,0.0004500049217292913,124,{'estimator__n_estimators': 124},0.793859649122807,0.8596491228070177,0.874141876430206,0.9221967963386727,0.9176201372997712,0.8832951945080092,0.9176201372997712,0.8466819221967963,0.9244851258581236,0.8695652173913043,0.880911517925248,0.03959824493895246,101
0.16247479915618895,0.003504480474679208,0.02033054828643799,0.00025748542604893583,125,{'estimator__n_estimators': 125},0.7916666666666667,0.8596491228070177,0.8695652173913043,0.9221967963386727,0.9176201372997712,0.8855835240274599,0.9176201372997712,0.8489702517162471,0.9244851258581236,0.8695652173913043,0.880692219679634,0.04001747143376309,104
0.16400787830352784,0.003354663529129049,0.020229601860046388,0.00018847387395281,126,{'estimator__n_estimators': 126},0.793859649122807,0.8596491228070177,0.8718535469107551,0.9199084668192219,0.919908466819222,0.8855835240274599,0.9153318077803203,0.8443935926773454,0.9244851258581236,0.8718535469107551,0.8806826849733028,0.03959041999558108,106
0.16508281230926514,0.0018551966872069124,0.02025628089904785,0.0003023408365584308,127,{'estimator__n_estimators': 127},0.7916666666666667,0.8596491228070177,0.8718535469107551,0.9199084668192219,0.9176201372997712,0.8855835240274599,0.9153318077803203,0.8466819221967963,0.9244851258581236,0.8718535469107551,0.8804633867276888,0.0396535139307942,114
0.16611924171447753,0.003930689210153684,0.020304369926452636,0.00031279107478533605,128,{'estimator__n_estimators': 128},0.793859649122807,0.8574561403508772,0.8718535469107551,0.9199084668192219,0.919908466819222,0.8832951945080092,0.9130434782608696,0.8466819221967963,0.9244851258581236,0.8695652173913043,0.8800057208237986,0.03934559271015053,121
0.16717853546142578,0.0028741036132041613,0.02041006088256836,0.00018620622294960906,129,{'estimator__n_estimators': 129},0.7894736842105264,0.8574561403508772,0.8718535469107551,0.9221967963386727,0.9176201372997712,0.8832951945080092,0.9130434782608695,0.8466819221967963,0.9244851258581236,0.8718535469107551,0.8797959572845157,0.040277968376153994,123
0.16710336208343507,0.0023058820429636287,0.02022705078125,0.0002621288879963156,130,{'estimator__n_estimators': 130},0.7894736842105263,0.8574561403508772,0.8718535469107551,0.9199084668192219,0.9221967963386729,0.8832951945080092,0.9153318077803203,0.8466819221967963,0.9244851258581236,0.8718535469107551,0.8802536231884058,0.04069004378351213,117
0.1677565574645996,0.0032306958540694254,0.020327949523925783,0.0002784659232937733,131,{'estimator__n_estimators': 131},0.7894736842105264,0.8596491228070177,0.8695652173913043,0.9199084668192219,0.9176201372997712,0.8832951945080092,0.917620137299771,0.8466819221967963,0.9244851258581236,0.8718535469107551,0.8800152555301297,0.040382587007744546,120
0.16821517944335937,0.002610461600558739,0.020528292655944823,0.00024339256873595662,132,{'estimator__n_estimators': 132},0.7894736842105264,0.8574561403508772,0.8695652173913043,0.9199084668192219,0.9176201372997712,0.8832951945080092,0.9153318077803203,0.8489702517162471,0.9244851258581236,0.8718535469107551,0.8797959572845157,0.04010860208655404,123
0.17077019214630126,0.004776918782587221,0.020537567138671876,0.00026265452426668613,133,{'estimator__n_estimators': 133},0.787280701754386,0.8574561403508772,0.8695652173913043,0.9199084668192219,0.919908466819222,0.8832951945080092,0.917620137299771,0.8466819221967963,0.9244851258581236,0.8718535469107551,0.8798054919908467,0.041207390288081534,122
0.16993424892425538,0.0020995502206989747,0.020456409454345702,0.00023046576778321812,134,{'estimator__n_estimators': 134},0.7894736842105264,0.8574561403508772,0.8695652173913043,0.9199084668192219,0.9176201372997712,0.8832951945080092,0.9153318077803203,0.8466819221967963,0.9244851258581236,0.8695652173913043,0.8793382913806255,0.040339566662032804,129
0.17112584114074708,0.0041529799237255225,0.020311808586120604,0.0002224405337911267,135,{'estimator__n_estimators': 135},0.7894736842105263,0.8574561403508772,0.8695652173913043,0.9199084668192219,0.9176201372997712,0.8832951945080092,0.9153318077803203,0.8466819221967963,0.9221967963386727,0.8695652173913043,0.8791094584286803,0.04008852394826641,133
0.17201392650604247,0.0028185303750343643,0.020404696464538574,0.00019842076671576896,136,{'estimator__n_estimators': 136},0.787280701754386,0.8574561403508772,0.8695652173913043,0.9221967963386727,0.9176201372997712,0.8832951945080092,0.9153318077803203,0.8466819221967963,0.9244851258581236,0.8695652173913043,0.8793478260869565,0.04106418144049264,128
0.17373273372650147,0.003859042055553962,0.02024400234222412,0.0003965029747374719,137,{'estimator__n_estimators': 137},0.7916666666666667,0.8574561403508772,0.8695652173913043,0.9199084668192219,0.9153318077803205,0.8832951945080092,0.9153318077803203,0.8466819221967963,0.9221967963386727,0.8695652173913043,0.8790999237223494,0.0393847084936375,134
0.17489094734191896,0.003233797408691286,0.02029862403869629,0.0002994603829040841,138,{'estimator__n_estimators': 138},0.787280701754386,0.8574561403508772,0.8695652173913043,0.9199084668192219,0.9176201372997712,0.8832951945080092,0.9153318077803203,0.8466819221967963,0.9244851258581236,0.8695652173913043,0.8791189931350114,0.04083047593839372,132
0.17487025260925293,0.002799655398169237,0.020430922508239746,0.00028383633710746844,139,{'estimator__n_estimators': 139},0.7916666666666667,0.8552631578947368,0.8695652173913043,0.9221967963386727,0.919908466819222,0.8832951945080092,0.9153318077803203,0.8466819221967963,0.9244851258581236,0.8695652173913043,0.8797959572845157,0.04043947724822299,123
0.17580122947692872,0.0019367391641596319,0.020199680328369142,0.00032604624528778154,140,{'estimator__n_estimators': 140},0.7894736842105263,0.8552631578947368,0.8695652173913043,0.9199084668192219,0.9176201372997712,0.8832951945080092,0.9153318077803203,0.8466819221967963,0.9221967963386727,0.8695652173913043,0.8788901601830663,0.04021218282023327,135
0.1761927843093872,0.0030096323999532553,0.02033343315124512,0.00017936438079205717,141,{'estimator__n_estimators': 141},0.7916666666666667,0.8552631578947368,0.8695652173913043,0.9221967963386727,0.9153318077803205,0.8832951945080092,0.9130434782608695,0.8466819221967963,0.9221967963386727,0.8695652173913043,0.8788806254767353,0.03955025723368874,136
0.17822136878967285,0.003988341075253382,0.020290350914001463,0.00027676378844791955,142,{'estimator__n_estimators': 142},0.7894736842105263,0.8596491228070177,0.8695652173913043,0.9199084668192219,0.9176201372997712,0.8832951945080092,0.9153318077803203,0.8466819221967963,0.9221967963386727,0.8695652173913043,0.8793287566742943,0.03997531123710138,130
0.17853951454162598,0.002753436487337019,0.022699356079101562,0.007841950076449748,143,{'estimator__n_estimators': 143},0.7894736842105263,0.8574561403508772,0.8695652173913043,0.9199084668192219,0.9176201372997712,0.8832951945080092,0.9107551487414188,0.8466819221967963,0.9221967963386727,0.8695652173913043,0.8786517925247903,0.03969659187578822,141
0.1810990810394287,0.002547560436356171,0.0206773042678833,0.0005164629341477984,144,{'estimator__n_estimators': 144},0.7916666666666667,0.8530701754385966,0.8695652173913043,0.9199084668192219,0.9176201372997712,0.8832951945080092,0.9130434782608695,0.8466819221967963,0.9221967963386727,0.8695652173913043,0.8786613272311212,0.039660050811276486,140
0.17962076663970947,0.002417572636679599,0.020503306388854982,0.0002420887847013746,145,{'estimator__n_estimators': 145},0.7916666666666667,0.8552631578947368,0.8695652173913043,0.917620137299771,0.919908466819222,0.8832951945080092,0.9130434782608695,0.8466819221967963,0.9221967963386727,0.8695652173913043,0.8788806254767353,0.03952376837366487,136
0.1816737174987793,0.004395619242604966,0.020612215995788573,0.0003237685934030427,146,{'estimator__n_estimators': 146},0.7916666666666667,0.8552631578947368,0.8695652173913043,0.9153318077803203,0.9176201372997712,0.8832951945080092,0.917620137299771,0.8466819221967963,0.9221967963386727,0.8695652173913043,0.8788806254767353,0.03949726174887666,136
0.1808716058731079,0.0033244286532910492,0.020619821548461915,0.00024593323797353556,147,{'estimator__n_estimators': 147},0.7916666666666667,0.8552631578947368,0.8695652173913043,0.917620137299771,0.9153318077803205,0.8832951945080092,0.917620137299771,0.8466819221967963,0.9221967963386727,0.8695652173913043,0.8788806254767353,0.03949726174887666,136
0.18229100704193116,0.003845621701462321,0.020741534233093262,0.00024169673431667223,148,{'estimator__n_estimators': 148},0.793859649122807,0.8574561403508772,0.8695652173913043,0.917620137299771,0.9153318077803205,0.8855835240274599,0.917620137299771,0.8466819221967963,0.9221967963386727,0.8695652173913043,0.8795480549199084,0.03891636964311842,127
0.18293628692626954,0.0028793889070328053,0.020493292808532716,0.0003514070104472679,149,{'estimator__n_estimators': 149},0.7894736842105264,0.8574561403508772,0.8695652173913043,0.9221967963386727,0.9176201372997712,0.8855835240274599,0.917620137299771,0.8466819221967963,0.9221967963386727,0.8695652173913043,0.8797959572845157,0.04056297727318169,123
0.183976411819458,0.00398132534773267,0.02060720920562744,0.00035814655281042346,150,{'estimator__n_estimators': 150},0.793859649122807,0.8552631578947368,0.8695652173913043,0.9199084668192219,0.9176201372997712,0.8855835240274599,0.9153318077803203,0.8466819221967963,0.9221967963386727,0.8672768878718536,0.8793287566742943,0.039340138238868415,130
